Rk,Player,Nation,Pos,Squad,Comp,Age,Born,90s,GA,PKA,FK,CK,OG,PSxG,PSxG/SoT,PSxG+/-,/90,Cmp,Att,Cmp%,Att (GK),Thr,Launch%,AvgLen,Att.1,Launch%.1,AvgLen.1,Opp,Stp,Stp%,#OPA,#OPA/90,AvgDist
1.0,Álvaro Aceves,es ESP,GK,Valladolid,es La Liga,19.0,2003.0,0.1,0.0,0.0,0.0,0.0,0.0,0.1,0.04,0.1,0.9,1.0,2.0,50.0,7.0,3.0,28.6,25.7,1.0,0.0,24.0,1.0,0.0,0.0,2.0,13.85,33.0
2.0,Julen Agirrezabala,es ESP,GK,Athletic Club,es La Liga,21.0,2000.0,7.5,6.0,0.0,0.0,0.0,0.0,5.5,0.3,-0.5,-0.06,37.0,101.0,36.6,179.0,33.0,29.6,30.5,62.0,77.4,55.4,96.0,11.0,11.5,10.0,1.33,15.4
3.0,Doğan Alemdar,tr TUR,GK,Rennes,fr Ligue 1,19.0,2002.0,4.5,8.0,1.0,0.0,2.0,0.0,6.5,0.29,-1.5,-0.32,23.0,67.0,34.3,109.0,14.0,38.5,33.0,35.0,71.4,51.4,75.0,5.0,6.7,5.0,1.11,14.8
4.0,Alisson,br BRA,GK,Liverpool,eng Premier League,29.0,1992.0,37.0,43.0,2.0,0.0,0.0,2.0,51.1,0.33,10.1,0.27,116.0,283.0,41.0,1256.0,210.0,18.4,26.9,193.0,26.9,31.3,397.0,23.0,5.8,89.0,2.41,19.8
5.0,Alphonse Areola,fr FRA,GK,West Ham,eng Premier League,29.0,1993.0,3.4,7.0,2.0,0.0,1.0,0.0,7.3,0.33,0.3,0.09,14.0,37.0,37.8,61.0,14.0,39.3,33.4,30.0,43.3,33.0,47.0,2.0,4.3,1.0,0.29,10.3
6.0,Kepa Arrizabalaga,es ESP,GK,Chelsea,eng Premier League,27.0,1994.0,28.5,33.0,1.0,1.0,4.0,3.0,35.0,0.29,5.0,0.18,68.0,213.0,31.9,864.0,151.0,17.1,26.3,182.0,35.7,31.5,332.0,15.0,4.5,52.0,1.82,16.9
7.0,Sergio Asenjo,es ESP,GK,Valladolid,es La Liga,33.0,1989.0,10.0,21.0,1.0,1.0,0.0,0.0,16.8,0.31,-4.2,-0.42,58.0,162.0,35.8,260.0,46.0,38.8,35.8,92.0,66.3,51.2,166.0,5.0,3.0,17.0,1.7,16.1
8.0,Emil Audero,id IDN,GK,Sampdoria,it Serie A,25.0,1997.0,25.0,39.0,5.0,0.0,4.0,2.0,32.3,0.21,-4.7,-0.19,159.0,441.0,36.1,714.0,104.0,45.8,39.1,200.0,57.0,44.2,356.0,24.0,6.7,23.0,0.92,13.9
9.0,Édgar Badía,es ESP,GK,Elche,es La Liga,30.0,1992.0,36.0,63.0,7.0,0.0,4.0,2.0,69.5,0.31,8.5,0.24,191.0,422.0,45.3,772.0,166.0,33.8,34.2,296.0,54.4,41.7,574.0,21.0,3.7,20.0,0.56,12.7
10.0,Francesco Bardi,it ITA,GK,Bologna,it Serie A,30.0,1992.0,1.0,0.0,0.0,0.0,0.0,0.0,0.6,0.16,0.6,0.56,5.0,9.0,55.6,13.0,5.0,38.5,35.6,9.0,44.4,33.4,10.0,0.0,0.0,0.0,0.0,
11.0,Oliver Baumann,de GER,GK,Hoffenheim,de Bundesliga,32.0,1990.0,34.0,57.0,2.0,1.0,11.0,1.0,50.4,0.31,-5.6,-0.16,206.0,525.0,39.2,1164.0,168.0,35.3,33.6,249.0,45.8,39.3,529.0,43.0,8.1,43.0,1.26,13.4
12.0,Gavin Bazunu,ie IRL,GK,Southampton,eng Premier League,20.0,2002.0,32.0,56.0,1.0,1.0,7.0,4.0,35.1,0.28,-16.9,-0.53,212.0,629.0,33.7,935.0,144.0,50.2,38.1,237.0,67.5,50.0,456.0,36.0,7.9,48.0,1.5,15.1
13.0,Asmir Begović,ba BIH,GK,Everton,eng Premier League,35.0,1987.0,1.0,0.0,0.0,0.0,0.0,0.0,0.5,0.12,0.5,0.49,4.0,13.0,30.8,22.0,5.0,36.4,34.9,8.0,62.5,46.8,23.0,1.0,4.3,0.0,0.0,5.0
14.0,Daniel Bentley,eng ENG,GK,Wolves,eng Premier League,29.0,1993.0,2.0,3.0,0.0,0.0,0.0,0.0,3.9,0.3,0.9,0.44,10.0,29.0,34.5,57.0,14.0,38.6,32.9,23.0,30.4,32.2,37.0,5.0,13.5,1.0,0.5,8.0
15.0,Paul Bernardoni,fr FRA,GK,Angers,fr Ligue 1,25.0,1997.0,27.0,62.0,8.0,1.0,6.0,3.0,51.4,0.31,-7.6,-0.28,94.0,291.0,32.3,479.0,124.0,39.5,34.6,185.0,55.1,42.6,357.0,21.0,5.9,18.0,0.67,11.4
16.0,Marco Bizot,nl NED,GK,Brest,fr Ligue 1,31.0,1991.0,37.0,54.0,7.0,1.0,11.0,2.0,54.9,0.26,2.9,0.08,198.0,477.0,41.5,806.0,163.0,38.2,35.5,289.0,58.5,43.9,520.0,30.0,5.8,25.0,0.68,11.6
17.0,Rubén Blanco,es ESP,GK,Marseille,fr Ligue 1,27.0,1995.0,5.5,6.0,0.0,0.0,1.0,2.0,3.9,0.2,-0.1,-0.02,11.0,47.0,23.4,165.0,31.0,20.6,27.4,41.0,31.7,32.1,73.0,3.0,4.1,7.0,1.27,17.9
18.0,Janis Blaswich,de GER,GK,RB Leipzig,de Bundesliga,31.0,1991.0,26.0,29.0,6.0,0.0,2.0,0.0,26.9,0.27,-2.1,-0.08,59.0,189.0,31.2,985.0,126.0,14.9,25.3,156.0,26.9,30.0,288.0,20.0,6.9,39.0,1.5,17.0
19.0,Joaquín Blázquez,ar ARG,GK,Brest,fr Ligue 1,21.0,2001.0,1.0,0.0,0.0,0.0,0.0,0.0,0.2,0.06,0.2,0.17,8.0,13.0,61.5,18.0,3.0,61.1,45.7,11.0,18.2,26.3,11.0,2.0,18.2,0.0,0.0,3.5
20.0,Yassine Bounou,ma MAR,GK,Sevilla,es La Liga,31.0,1991.0,23.9,41.0,2.0,1.0,3.0,2.0,37.3,0.34,-1.7,-0.07,115.0,303.0,38.0,785.0,92.0,27.9,30.9,162.0,51.9,42.1,308.0,20.0,6.5,39.0,1.63,17.4
21.0,Claudio Bravo,cl CHI,GK,Betis,es La Liga,39.0,1983.0,12.0,9.0,1.0,0.0,1.0,0.0,11.0,0.24,2.0,0.17,75.0,225.0,33.3,288.0,42.0,51.7,39.6,101.0,75.2,52.5,213.0,4.0,1.9,6.0,0.5,12.1
22.0,Fabian Bredlow,de GER,GK,Stuttgart,de Bundesliga,27.0,1995.0,15.0,23.0,5.0,0.0,3.0,1.0,20.1,0.26,-1.9,-0.13,55.0,129.0,42.6,503.0,86.0,20.3,27.6,91.0,29.7,33.5,203.0,12.0,5.9,15.0,1.0,15.2
23.0,Marcin Bułka,pl POL,GK,Nice,fr Ligue 1,22.0,1999.0,2.0,2.0,0.0,0.0,0.0,0.0,3.1,0.52,1.1,0.56,8.0,20.0,40.0,49.0,11.0,20.4,28.1,18.0,55.6,44.2,26.0,2.0,7.7,3.0,1.5,13.8
24.0,Juan Carlos,es ESP,GK,Girona,es La Liga,34.0,1988.0,10.0,18.0,2.0,2.0,1.0,0.0,16.7,0.35,-1.3,-0.13,23.0,64.0,35.9,278.0,51.0,17.6,28.7,62.0,24.2,30.3,120.0,6.0,5.0,21.0,2.1,16.9
25.0,Marco Carnesecchi,it ITA,GK,Cremonese,it Serie A,22.0,2000.0,27.0,47.0,2.0,3.0,7.0,1.0,44.2,0.28,-1.8,-0.07,157.0,523.0,30.0,745.0,135.0,52.2,41.4,203.0,66.0,53.1,402.0,29.0,7.2,29.0,1.07,14.1
,,,,,,,,,,,,,,,,,,,,,,,,,,,,,,,,,
26.0,Matis Carvalho,pt POR,GK,Montpellier,fr Ligue 1,23.0,1999.0,1.5,3.0,0.0,0.0,0.0,0.0,1.9,0.24,-1.1,-0.7,14.0,43.0,32.6,38.0,4.0,78.9,49.4,14.0,92.9,61.4,38.0,2.0,5.3,0.0,0.0,8.3
27.0,Koen Casteels,be BEL,GK,Wolfsburg,de Bundesliga,30.0,1992.0,34.0,48.0,4.0,0.0,5.0,3.0,43.9,0.27,-1.1,-0.03,257.0,588.0,43.7,1326.0,183.0,33.3,33.7,258.0,57.0,47.5,489.0,29.0,5.9,51.0,1.5,16.5
28.0,Michele Cerofolini,it ITA,GK,Fiorentina,it Serie A,23.0,1999.0,5.0,3.0,1.0,0.0,0.0,0.0,3.4,0.22,0.4,0.09,24.0,70.0,34.3,167.0,27.0,34.7,33.3,28.0,42.9,38.1,29.0,1.0,3.4,3.0,0.6,13.8
29.0,Lucas Chevalier,fr FRA,GK,Lille,fr Ligue 1,20.0,2001.0,32.0,31.0,2.0,2.0,1.0,3.0,30.5,0.27,2.5,0.08,76.0,282.0,27.0,903.0,121.0,26.2,29.4,105.0,42.9,37.2,317.0,22.0,6.9,25.0,0.78,13.5
30.0,Oliver Christensen,dk DEN,GK,Hertha BSC,de Bundesliga,23.0,1999.0,33.0,68.0,5.0,4.0,8.0,0.0,57.9,0.33,-10.1,-0.31,204.0,586.0,34.8,977.0,166.0,42.5,35.9,235.0,72.8,54.3,486.0,33.0,6.8,70.0,2.12,18.8
31.0,Andrea Consigli,it ITA,GK,Sassuolo,it Serie A,35.0,1987.0,35.0,55.0,3.0,0.0,5.0,2.0,38.5,0.31,-14.5,-0.41,176.0,436.0,40.4,1140.0,187.0,30.4,33.3,285.0,31.2,32.5,467.0,28.0,6.0,28.0,0.8,14.2
32.0,Alex Cordaz,it ITA,GK,Inter,it Serie A,39.0,1983.0,0.3,0.0,0.0,0.0,0.0,0.0,0.5,0.26,0.5,1.77,1.0,7.0,14.3,15.0,3.0,26.7,33.5,5.0,60.0,52.0,7.0,0.0,0.0,0.0,0.0,
33.0,Benoît Costil,fr FRA,GK,Auxerre,fr Ligue 1,35.0,1987.0,19.0,41.0,3.0,0.0,3.0,0.0,34.0,0.33,-7.0,-0.37,132.0,292.0,45.2,454.0,72.0,41.9,36.8,137.0,74.5,51.7,285.0,3.0,1.1,11.0,0.58,13.1
34.0,Thibaut Courtois,be BEL,GK,Real Madrid,es La Liga,30.0,1992.0,31.0,29.0,4.0,0.0,1.0,0.0,29.7,0.22,0.7,0.02,83.0,214.0,38.8,982.0,194.0,18.4,27.7,152.0,21.7,29.5,366.0,32.0,8.7,40.0,1.29,15.4
35.0,Alessio Cragno,it ITA,GK,Monza,it Serie A,28.0,1994.0,1.0,3.0,0.0,0.0,0.0,0.0,1.7,0.35,-1.3,-1.33,2.0,4.0,50.0,25.0,4.0,12.0,22.6,6.0,16.7,33.3,7.0,0.0,0.0,2.0,2.0,25.7
36.0,Finn Dahmen,de GER,GK,Mainz 05,de Bundesliga,24.0,1998.0,8.0,16.0,1.0,0.0,3.0,0.0,13.5,0.25,-2.5,-0.32,48.0,139.0,34.5,226.0,38.0,42.9,36.6,54.0,77.8,54.5,158.0,17.0,10.8,8.0,1.0,13.8
37.0,Rémy Descamps,fr FRA,GK,Nantes,fr Ligue 1,26.0,1996.0,1.0,1.0,0.0,0.0,0.0,0.0,1.5,0.25,0.5,0.48,5.0,9.0,55.6,20.0,9.0,25.0,33.2,6.0,66.7,46.5,11.0,1.0,9.1,0.0,0.0,7.0
38.0,Michele Di Gregorio,it ITA,GK,Monza,it Serie A,25.0,1997.0,37.0,49.0,3.0,1.0,4.0,1.0,48.7,0.28,0.7,0.02,166.0,476.0,34.9,1265.0,236.0,30.4,32.2,247.0,37.2,34.9,541.0,14.0,2.6,32.0,0.86,13.4
39.0,Mory Diaw,sn SEN,GK,Clermont Foot,fr Ligue 1,29.0,1993.0,37.0,47.0,8.0,0.0,5.0,0.0,55.4,0.28,8.4,0.23,235.0,601.0,39.1,1209.0,173.0,40.0,37.0,255.0,45.9,40.4,464.0,34.0,7.3,25.0,0.68,11.5
40.0,Stole Dimitrievski,mk MKD,GK,Rayo Vallecano,es La Liga,28.0,1993.0,36.9,49.0,4.0,0.0,9.0,4.0,44.2,0.3,-0.8,-0.02,152.0,537.0,28.3,816.0,199.0,45.0,38.6,299.0,56.9,46.7,500.0,24.0,4.8,52.0,1.41,16.1
41.0,Yehvann Diouf,sn SEN,GK,Reims,fr Ligue 1,22.0,1999.0,31.0,31.0,1.0,2.0,2.0,1.0,37.0,0.27,7.0,0.22,136.0,308.0,44.2,874.0,191.0,28.3,31.8,185.0,33.0,34.3,430.0,40.0,9.3,35.0,1.13,12.7
42.0,Ouparine Djoco,gw GNB,GK,Clermont Foot,fr Ligue 1,24.0,1998.0,1.0,2.0,0.0,0.0,0.0,0.0,1.0,0.34,-1.0,-0.97,3.0,17.0,17.6,30.0,4.0,40.0,33.6,10.0,50.0,31.7,14.0,1.0,7.1,5.0,5.0,21.3
43.0,Marko Dmitrović,rs SRB,GK,Sevilla,es La Liga,30.0,1992.0,14.1,13.0,0.0,0.0,2.0,1.0,12.2,0.23,0.2,0.02,103.0,326.0,31.6,372.0,44.0,58.1,44.0,131.0,84.0,62.4,216.0,12.0,5.6,10.0,0.71,12.2
44.0,Gianluigi Donnarumma,it ITA,GK,Paris S-G,fr Ligue 1,23.0,1999.0,37.9,40.0,2.0,1.0,3.0,1.0,43.3,0.26,4.3,0.11,54.0,148.0,36.5,728.0,167.0,15.0,23.9,207.0,18.8,24.1,436.0,33.0,7.6,27.0,0.71,12.1
45.0,Bartłomiej Drągowski,pl POL,GK,Spezia,it Serie A,24.0,1997.0,32.7,54.0,4.0,1.0,7.0,3.0,46.1,0.25,-4.9,-0.15,151.0,482.0,31.3,975.0,159.0,37.6,34.6,196.0,58.7,46.5,472.0,13.0,2.8,32.0,0.98,14.1
46.0,Martin Dúbravka,sk SVK,GK,Newcastle Utd,eng Premier League,33.0,1989.0,1.7,1.0,0.0,0.0,0.0,1.0,1.9,0.21,1.9,1.07,6.0,10.0,60.0,39.0,14.0,10.3,20.7,15.0,40.0,35.3,30.0,1.0,3.3,0.0,0.0,12.4
47.0,Maxime Dupé,fr FRA,GK,Toulouse,fr Ligue 1,29.0,1993.0,38.0,57.0,4.0,2.0,8.0,3.0,54.2,0.28,0.2,0.01,136.0,363.0,37.5,1006.0,176.0,24.4,29.5,264.0,44.7,37.2,517.0,30.0,5.8,21.0,0.55,10.1
48.0,Ederson,br BRA,GK,Manchester City,eng Premier League,28.0,1993.0,35.0,32.0,3.0,1.0,4.0,1.0,26.2,0.3,-4.8,-0.14,117.0,263.0,44.5,1104.0,147.0,19.6,28.0,152.0,30.9,32.3,286.0,19.0,6.6,33.0,0.94,15.7
49.0,Tjark Ernst,de GER,GK,Hertha BSC,de Bundesliga,19.0,2003.0,1.0,1.0,0.0,0.0,0.0,0.0,2.5,0.36,1.5,1.52,5.0,13.0,38.5,22.0,6.0,27.3,31.2,13.0,53.8,43.1,18.0,0.0,0.0,0.0,0.0,3.5
50.0,Łukasz Fabiański,pl POL,GK,West Ham,eng Premier League,37.0,1985.0,34.6,48.0,2.0,0.0,3.0,1.0,45.9,0.28,-1.1,-0.03,198.0,516.0,38.4,677.0,153.0,54.2,39.3,249.0,59.8,44.8,513.0,29.0,5.7,25.0,0.72,13.0
,,,,,,,,,,,,,,,,,,,,,,,,,,,,,,,,,
51.0,Ralf Fährmann,de GER,GK,Schalke 04,de Bundesliga,33.0,1988.0,11.4,13.0,1.0,0.0,1.0,1.0,12.4,0.21,0.4,0.04,99.0,217.0,45.6,358.0,50.0,45.0,36.8,83.0,67.5,48.9,162.0,11.0,6.8,9.0,0.79,11.6
52.0,Wladimiro Falcone,it ITA,GK,Lecce,it Serie A,27.0,1995.0,38.0,46.0,5.0,2.0,6.0,3.0,43.5,0.24,0.5,0.01,194.0,721.0,26.9,876.0,143.0,56.8,42.1,282.0,79.1,53.5,534.0,23.0,4.3,42.0,1.11,14.1
53.0,Aitor Fernández,es ESP,GK,Osasuna,es La Liga,31.0,1991.0,21.0,19.0,0.0,0.0,0.0,1.0,17.7,0.24,-0.3,-0.01,191.0,438.0,43.6,615.0,87.0,50.9,41.1,174.0,71.8,54.2,319.0,14.0,4.4,37.0,1.76,16.3
54.0,Álvaro Fernández,es ESP,GK,Espanyol,es La Liga,24.0,1998.0,11.0,18.0,0.0,0.0,4.0,1.0,15.2,0.31,-1.8,-0.17,104.0,221.0,47.1,253.0,37.0,55.7,42.5,103.0,77.7,54.8,153.0,5.0,3.3,15.0,1.36,16.3
55.0,Fernando,es ESP,GK,Almería,es La Liga,32.0,1990.0,36.5,61.0,4.0,1.0,4.0,1.0,60.5,0.29,0.5,0.01,199.0,557.0,35.7,967.0,211.0,39.1,36.9,341.0,52.5,42.9,614.0,39.0,6.4,26.0,0.71,12.4
56.0,Vincenzo Fiorillo,it ITA,GK,Salernitana,it Serie A,32.0,1990.0,1.0,2.0,0.0,0.0,0.0,0.0,1.9,0.49,-0.1,-0.05,7.0,15.0,46.7,19.0,3.0,57.9,37.9,5.0,80.0,56.2,7.0,1.0,14.3,0.0,0.0,6.0
57.0,Mark Flekken,nl NED,GK,Freiburg,de Bundesliga,29.0,1993.0,34.0,44.0,5.0,0.0,4.0,0.0,46.4,0.28,2.4,0.07,271.0,665.0,40.8,1231.0,121.0,40.2,37.6,231.0,73.6,58.0,434.0,32.0,7.4,43.0,1.26,15.0
58.0,Yahia Fofana,ci CIV,GK,Angers,fr Ligue 1,21.0,2000.0,11.0,19.0,1.0,0.0,3.0,1.0,16.4,0.27,-1.6,-0.14,33.0,125.0,26.4,256.0,70.0,35.2,33.6,69.0,50.7,41.7,143.0,17.0,11.9,9.0,0.82,11.8
59.0,Fraser Forster,eng ENG,GK,Tottenham,eng Premier League,34.0,1988.0,13.5,24.0,2.0,1.0,4.0,0.0,21.3,0.34,-2.7,-0.2,36.0,124.0,29.0,269.0,71.0,29.0,30.2,93.0,49.5,37.6,193.0,5.0,2.6,16.0,1.19,15.2
60.0,Gauthier Gallon,fr FRA,GK,Troyes,fr Ligue 1,29.0,1993.0,29.6,65.0,5.0,0.0,8.0,2.0,54.9,0.29,-8.1,-0.27,107.0,391.0,27.4,707.0,144.0,35.2,33.2,241.0,58.9,44.4,496.0,33.0,6.7,9.0,0.3,8.8
61.0,Joan García,es ESP,GK,Espanyol,es La Liga,21.0,2001.0,1.0,3.0,1.0,0.0,0.0,0.0,1.8,0.21,-1.2,-1.16,2.0,6.0,33.3,27.0,4.0,14.8,21.7,3.0,66.7,47.3,16.0,2.0,12.5,1.0,1.0,13.0
62.0,Paulo Gazzaniga,ar ARG,GK,Girona,es La Liga,30.0,1992.0,28.0,37.0,4.0,0.0,4.0,0.0,45.3,0.33,8.3,0.3,146.0,400.0,36.5,822.0,141.0,31.1,32.4,242.0,59.5,47.9,477.0,37.0,7.8,38.0,1.36,15.1
63.0,David de Gea,es ESP,GK,Manchester Utd,eng Premier League,31.0,1990.0,38.0,43.0,2.0,2.0,6.0,1.0,41.3,0.27,-0.7,-0.02,141.0,449.0,31.4,1032.0,128.0,32.6,32.3,179.0,63.1,47.1,526.0,15.0,2.9,32.0,0.84,14.8
64.0,Rafał Gikiewicz,pl POL,GK,Augsburg,de Bundesliga,34.0,1987.0,23.0,41.0,1.0,1.0,4.0,0.0,41.3,0.28,0.3,0.01,185.0,452.0,40.9,916.0,127.0,33.3,33.0,234.0,62.8,48.9,363.0,21.0,5.8,45.0,1.96,16.7
65.0,David Gil,es ESP,GK,Cádiz,es La Liga,28.0,1994.0,4.0,5.0,1.0,0.0,1.0,0.0,6.3,0.23,1.3,0.32,34.0,94.0,36.2,93.0,15.0,64.5,46.4,36.0,94.4,65.1,56.0,2.0,3.6,4.0,1.0,13.6
66.0,Pierluigi Gollini,it ITA,GK,Fiorentina,it Serie A,27.0,1995.0,3.0,2.0,0.0,0.0,1.0,0.0,1.7,0.21,-0.3,-0.1,13.0,38.0,34.2,115.0,17.0,27.0,32.4,11.0,63.6,49.3,24.0,1.0,4.2,0.0,0.0,9.3
67.0,Pierluigi Gollini,it ITA,GK,Napoli,it Serie A,27.0,1995.0,4.0,4.0,0.0,0.0,1.0,0.0,3.1,0.19,-0.9,-0.23,15.0,36.0,41.7,128.0,24.0,20.3,29.6,31.0,32.3,32.2,56.0,2.0,3.6,4.0,1.0,18.8
68.0,Antonio Gomis,es ESP,GK,Atlético Madrid,es La Liga,19.0,2003.0,0.1,1.0,0.0,0.0,0.0,0.0,0.6,0.64,-0.4,-5.35,0.0,3.0,0.0,2.0,0.0,100.0,58.5,1.0,100.0,94.0,3.0,0.0,0.0,0.0,0.0,1.0
69.0,Ivo Grbić,hr CRO,GK,Atlético Madrid,es La Liga,26.0,1996.0,10.2,12.0,3.0,0.0,4.0,0.0,13.8,0.23,1.8,0.17,46.0,148.0,31.1,230.0,50.0,37.4,34.1,99.0,62.6,47.4,214.0,23.0,10.7,7.0,0.68,9.2
70.0,Dominik Greif,sk SVK,GK,Mallorca,es La Liga,25.0,1997.0,1.0,3.0,0.0,0.0,0.0,0.0,2.2,0.28,-0.8,-0.76,19.0,34.0,55.9,23.0,2.0,87.0,54.9,15.0,93.3,64.5,19.0,2.0,10.5,0.0,0.0,4.0
71.0,Lennart Grill,de GER,GK,Union Berlin,de Bundesliga,23.0,1999.0,5.0,11.0,2.0,0.0,1.0,0.0,9.0,0.28,-2.0,-0.41,48.0,108.0,44.4,197.0,28.0,48.2,37.1,17.0,76.5,55.2,47.0,8.0,17.0,7.0,1.4,15.1
72.0,Vicente Guaita,es ESP,GK,Crystal Palace,eng Premier League,35.0,1987.0,27.0,34.0,2.0,0.0,4.0,2.0,32.4,0.26,0.4,0.01,115.0,320.0,35.9,635.0,140.0,34.5,32.3,206.0,49.0,37.4,410.0,26.0,6.3,26.0,0.96,13.1
73.0,Péter Gulácsi,hu HUN,GK,RB Leipzig,de Bundesliga,32.0,1990.0,6.0,10.0,1.0,0.0,2.0,1.0,10.1,0.37,1.1,0.19,11.0,37.0,29.7,179.0,37.0,15.6,26.4,36.0,25.0,29.6,61.0,3.0,4.9,10.0,1.67,19.4
74.0,Samir Handanović,si SVN,GK,Inter,it Serie A,38.0,1984.0,13.7,18.0,1.0,0.0,1.0,1.0,15.0,0.27,-2.0,-0.14,45.0,87.0,51.7,508.0,71.0,15.6,24.7,71.0,11.3,25.5,149.0,2.0,1.3,10.0,0.73,15.4
75.0,Dean Henderson,eng ENG,GK,Nott'ham Forest,eng Premier League,25.0,1997.0,18.0,31.0,2.0,1.0,5.0,0.0,26.9,0.28,-4.1,-0.23,108.0,334.0,32.3,513.0,107.0,47.2,38.5,156.0,59.0,45.3,291.0,20.0,6.9,27.0,1.5,15.6
,,,,,,,,,,,,,,,,,,,,,,,,,,,,,,,,,
76.0,Wayne Hennessey,wls WAL,GK,Nott'ham Forest,eng Premier League,35.0,1987.0,3.0,5.0,0.0,0.0,1.0,0.0,3.9,0.28,-1.1,-0.36,23.0,58.0,39.7,72.0,13.0,54.2,43.2,25.0,76.0,54.5,35.0,1.0,2.9,2.0,0.66,17.0
77.0,Sergio Herrera,es ESP,GK,Osasuna,es La Liga,29.0,1993.0,17.0,23.0,1.0,1.0,3.0,1.0,21.4,0.28,-0.6,-0.04,151.0,351.0,43.0,475.0,58.0,56.0,42.7,135.0,63.0,48.3,215.0,16.0,7.4,20.0,1.18,18.5
78.0,Lukáš Hrádecký,fi FIN,GK,Leverkusen,de Bundesliga,32.0,1989.0,33.0,47.0,7.0,1.0,5.0,2.0,41.3,0.25,-3.7,-0.11,117.0,373.0,31.4,899.0,148.0,31.3,32.0,202.0,45.5,38.7,404.0,27.0,6.7,26.0,0.79,14.1
79.0,Daniel Iversen,dk DEN,GK,Leicester City,eng Premier League,25.0,1997.0,12.0,22.0,2.0,2.0,2.0,1.0,18.9,0.29,-2.1,-0.18,38.0,194.0,19.6,261.0,49.0,47.1,37.2,114.0,62.3,46.2,203.0,16.0,7.9,6.0,0.5,10.3
80.0,Léo Jardim,br BRA,GK,Lille,fr Ligue 1,27.0,1995.0,6.0,13.0,2.0,0.0,2.0,0.0,8.6,0.4,-4.4,-0.73,6.0,34.0,17.6,138.0,27.0,21.7,26.8,15.0,26.7,26.7,65.0,5.0,7.7,9.0,1.5,16.0
81.0,Sam Johnstone,eng ENG,GK,Crystal Palace,eng Premier League,29.0,1993.0,9.0,10.0,2.0,0.0,4.0,1.0,10.0,0.24,1.0,0.11,30.0,99.0,30.3,233.0,41.0,31.8,31.8,46.0,54.3,42.8,104.0,2.0,1.9,11.0,1.22,15.4
82.0,Filip Jørgensen,dk DEN,GK,Villarreal,es La Liga,20.0,2002.0,2.0,3.0,0.0,0.0,0.0,0.0,2.3,0.39,-0.7,-0.34,0.0,4.0,0.0,44.0,9.0,9.1,22.8,11.0,0.0,17.5,18.0,2.0,11.1,4.0,2.0,13.3
83.0,Bingourou Kamara,sn SEN,GK,Montpellier,fr Ligue 1,25.0,1996.0,4.5,11.0,1.0,0.0,2.0,0.0,9.1,0.29,-1.9,-0.41,18.0,57.0,31.6,95.0,19.0,42.1,35.4,35.0,48.6,39.9,52.0,3.0,5.8,2.0,0.44,11.2
84.0,Caoimhín Kelleher,ie IRL,GK,Liverpool,eng Premier League,23.0,1998.0,1.0,4.0,0.0,0.0,0.0,0.0,2.9,0.34,-1.1,-1.06,2.0,2.0,100.0,22.0,7.0,9.1,24.3,2.0,0.0,20.5,3.0,0.0,0.0,0.0,0.0,9.0
85.0,Gregor Kobel,ch SUI,GK,Dortmund,de Bundesliga,24.0,1997.0,27.0,32.0,1.0,0.0,5.0,1.0,33.8,0.29,2.8,0.1,100.0,252.0,39.7,855.0,122.0,20.9,28.9,192.0,38.0,36.5,295.0,15.0,5.1,37.0,1.37,17.1
86.0,Tomáš Koubek,cz CZE,GK,Augsburg,de Bundesliga,29.0,1992.0,11.0,22.0,0.0,1.0,0.0,2.0,22.0,0.36,2.0,0.19,77.0,225.0,34.2,414.0,48.0,37.9,36.5,96.0,70.8,52.5,176.0,10.0,5.7,22.0,2.0,16.8
87.0,Alban Lafont,fr FRA,GK,Nantes,fr Ligue 1,23.0,1999.0,37.0,54.0,9.0,1.0,6.0,4.0,54.8,0.26,4.8,0.13,189.0,516.0,36.6,942.0,202.0,37.2,35.5,247.0,67.2,49.3,493.0,42.0,8.5,39.0,1.05,12.3
88.0,Jean-Louis Leca,fr FRA,GK,Lens,fr Ligue 1,36.0,1985.0,1.0,1.0,0.0,0.0,0.0,0.0,1.6,0.4,0.6,0.6,9.0,14.0,64.3,29.0,5.0,44.8,36.8,10.0,10.0,20.4,20.0,1.0,5.0,0.0,0.0,8.2
89.0,Benjamin Lecomte,fr FRA,GK,Espanyol,es La Liga,31.0,1991.0,10.0,14.0,0.0,0.0,2.0,1.0,10.4,0.26,-2.6,-0.26,72.0,160.0,45.0,192.0,25.0,57.3,43.1,80.0,62.5,47.0,146.0,4.0,2.7,11.0,1.1,15.3
90.0,Benjamin Lecomte,fr FRA,GK,Montpellier,fr Ligue 1,31.0,1991.0,19.0,22.0,2.0,0.0,2.0,0.0,29.5,0.29,7.5,0.4,116.0,322.0,36.0,475.0,72.0,46.9,37.8,165.0,60.0,44.2,273.0,15.0,5.5,13.0,0.68,10.8
91.0,Jeremías Ledesma,ar ARG,GK,Cádiz,es La Liga,29.0,1993.0,34.0,48.0,8.0,1.0,6.0,0.0,47.1,0.22,-0.9,-0.03,236.0,735.0,32.1,824.0,135.0,58.5,44.9,285.0,88.8,64.1,595.0,42.0,7.1,26.0,0.76,10.8
92.0,Bernd Leno,de GER,GK,Fulham,eng Premier League,30.0,1992.0,36.0,51.0,7.0,1.0,8.0,2.0,58.0,0.27,9.0,0.25,124.0,391.0,31.7,1153.0,190.0,26.0,30.0,242.0,37.6,36.0,464.0,35.0,7.5,46.0,1.28,14.9
93.0,Donovan Léon,gf GUF,GK,Auxerre,fr Ligue 1,29.0,1992.0,2.0,2.0,1.0,0.0,0.0,0.0,1.9,0.13,-0.1,-0.03,19.0,57.0,33.3,55.0,8.0,63.6,46.4,24.0,91.7,66.1,41.0,0.0,0.0,2.0,1.0,12.9
94.0,Benjamin Leroy,fr FRA,GK,Ajaccio,fr Ligue 1,33.0,1989.0,31.1,60.0,8.0,1.0,10.0,1.0,47.7,0.3,-11.3,-0.36,213.0,522.0,40.8,657.0,77.0,52.4,38.5,212.0,84.0,52.1,389.0,18.0,4.6,54.0,1.74,16.9
95.0,Alexandre Letellier,fr FRA,GK,Paris S-G,fr Ligue 1,31.0,1990.0,0.1,0.0,0.0,0.0,0.0,0.0,0.0,,0.0,0.0,0.0,0.0,,3.0,0.0,0.0,19.0,1.0,0.0,11.0,1.0,0.0,0.0,0.0,0.0,
96.0,Mateusz Lis,pl POL,GK,Troyes,fr Ligue 1,25.0,1997.0,8.3,16.0,2.0,0.0,2.0,0.0,16.4,0.28,0.4,0.05,39.0,127.0,30.7,235.0,41.0,38.7,35.2,78.0,46.2,37.4,154.0,12.0,7.8,13.0,1.56,14.4
97.0,Hugo Lloris,fr FRA,GK,Tottenham,eng Premier League,35.0,1986.0,24.5,39.0,1.0,0.0,3.0,1.0,33.9,0.29,-4.1,-0.17,77.0,218.0,35.3,539.0,109.0,31.7,31.4,186.0,25.3,25.8,322.0,20.0,6.2,29.0,1.18,13.7
98.0,Anthony Lopes,pt POR,GK,Lyon,fr Ligue 1,31.0,1990.0,31.3,39.0,7.0,2.0,5.0,2.0,41.4,0.27,4.4,0.14,114.0,317.0,36.0,838.0,134.0,31.3,31.9,183.0,30.1,31.8,358.0,19.0,5.3,25.0,0.8,13.9
99.0,Diego López,es ESP,GK,Rayo Vallecano,es La Liga,40.0,1981.0,1.1,4.0,0.0,0.0,2.0,0.0,1.7,0.33,-2.3,-2.19,2.0,8.0,25.0,21.0,5.0,28.6,30.3,8.0,25.0,35.3,12.0,0.0,0.0,2.0,1.88,17.0
100.0,Pau López,es ESP,GK,Marseille,fr Ligue 1,27.0,1994.0,32.5,34.0,5.0,0.0,6.0,1.0,33.8,0.24,0.8,0.02,112.0,324.0,34.6,941.0,132.0,25.1,31.0,172.0,51.2,40.4,370.0,22.0,5.9,37.0,1.14,15.4
,,,,,,,,,,,,,,,,,,,,,,,,,,,,,,,,,
101.0,Andriy Lunin,ua UKR,GK,Real Madrid,es La Liga,23.0,1999.0,7.0,7.0,0.0,0.0,1.0,1.0,4.5,0.25,-1.5,-0.21,14.0,27.0,51.9,190.0,36.0,7.9,23.3,37.0,32.4,35.6,54.0,1.0,1.9,11.0,1.57,21.7
102.0,Andrey Lunyov,ru RUS,GK,Leverkusen,de Bundesliga,30.0,1991.0,1.0,2.0,0.0,0.0,0.0,0.0,1.4,0.35,-0.6,-0.61,4.0,10.0,40.0,41.0,7.0,24.4,30.3,3.0,0.0,15.3,6.0,1.0,16.7,1.0,1.0,13.0
103.0,Mike Maignan,fr FRA,GK,Milan,it Serie A,27.0,1995.0,22.0,21.0,2.0,1.0,2.0,0.0,20.3,0.28,-0.7,-0.03,76.0,193.0,39.4,725.0,119.0,22.8,29.8,85.0,32.9,35.1,221.0,15.0,6.8,32.0,1.46,17.8
104.0,Giorgi Mamardashvili,ge GEO,GK,Valencia,es La Liga,21.0,2000.0,38.0,45.0,2.0,0.0,7.0,2.0,42.9,0.28,-0.1,0.0,177.0,522.0,33.9,843.0,142.0,40.8,35.1,239.0,74.5,54.2,457.0,35.0,7.7,47.0,1.24,16.3
105.0,Steve Mandanda,fr FRA,GK,Rennes,fr Ligue 1,37.0,1985.0,33.5,31.0,2.0,0.0,5.0,1.0,32.4,0.28,2.4,0.07,163.0,420.0,38.8,1022.0,166.0,30.6,31.5,192.0,55.7,41.5,382.0,35.0,9.2,51.0,1.52,16.7
106.0,Vito Mannone,it ITA,GK,Lorient,fr Ligue 1,34.0,1988.0,17.9,24.0,1.0,2.0,2.0,0.0,25.2,0.29,1.2,0.07,56.0,176.0,31.8,471.0,101.0,25.9,29.5,112.0,48.2,37.5,344.0,12.0,3.5,9.0,0.5,10.6
107.0,Agustín Marchesín,ar ARG,GK,Celta Vigo,es La Liga,34.0,1988.0,19.0,29.0,2.0,1.0,4.0,1.0,20.7,0.24,-7.3,-0.38,103.0,267.0,38.6,500.0,75.0,39.8,35.3,131.0,51.9,42.9,253.0,14.0,5.5,25.0,1.32,18.1
108.0,Federico Marchetti,it ITA,GK,Spezia,it Serie A,39.0,1983.0,0.7,2.0,0.0,0.0,0.0,0.0,1.5,0.48,-0.5,-0.74,2.0,4.0,50.0,10.0,2.0,10.0,24.3,8.0,37.5,32.4,8.0,0.0,0.0,1.0,1.36,22.0
109.0,Diego Mariño,es ESP,GK,Almería,es La Liga,32.0,1990.0,0.5,2.0,0.0,0.0,0.0,0.0,1.4,0.28,-0.6,-1.25,2.0,3.0,66.7,3.0,1.0,33.3,35.7,5.0,40.0,45.6,12.0,0.0,0.0,0.0,0.0,7.0
110.0,Emiliano Martínez,ar ARG,GK,Aston Villa,eng Premier League,29.0,1992.0,34.9,38.0,4.0,1.0,6.0,4.0,36.6,0.24,2.6,0.07,199.0,523.0,38.0,1171.0,135.0,35.5,33.0,212.0,50.5,40.7,483.0,60.0,12.4,73.0,2.09,16.6
111.0,Jordi Masip,es ESP,GK,Valladolid,es La Liga,33.0,1989.0,27.9,42.0,5.0,0.0,0.0,1.0,45.8,0.27,4.8,0.17,133.0,389.0,34.2,722.0,121.0,36.8,35.9,239.0,51.5,41.9,396.0,15.0,3.8,14.0,0.5,12.7
112.0,Luís Maximiano,pt POR,GK,Lazio,it Serie A,23.0,1999.0,0.1,,,,,,,,,,2.0,3.0,66.7,,1.0,,,,,,,,,,,19.0
113.0,Alex McCarthy,eng ENG,GK,Southampton,eng Premier League,32.0,1989.0,6.0,17.0,1.0,0.0,1.0,1.0,10.9,0.34,-5.1,-0.84,22.0,113.0,19.5,194.0,29.0,48.5,36.5,52.0,36.5,31.0,92.0,6.0,6.5,7.0,1.17,13.5
114.0,Edouard Mendy,sn SEN,GK,Chelsea,eng Premier League,30.0,1992.0,9.5,14.0,0.0,0.0,4.0,0.0,11.9,0.33,-2.1,-0.22,27.0,77.0,35.1,226.0,47.0,22.1,27.6,63.0,42.9,34.4,128.0,9.0,7.0,11.0,1.16,13.7
115.0,Alex Meret,it ITA,GK,Napoli,it Serie A,25.0,1997.0,34.0,24.0,1.0,0.0,1.0,0.0,25.0,0.25,1.0,0.03,56.0,145.0,38.6,733.0,121.0,14.3,26.1,198.0,20.2,26.9,335.0,11.0,3.3,39.0,1.15,17.0
116.0,Illan Meslier,fr FRA,GK,Leeds United,eng Premier League,22.0,2000.0,34.0,67.0,3.0,1.0,7.0,1.0,53.6,0.32,-12.4,-0.36,106.0,449.0,23.6,794.0,194.0,39.4,33.7,242.0,56.2,43.5,432.0,34.0,7.9,66.0,1.94,15.8
117.0,Alexander Meyer,de GER,GK,Dortmund,de Bundesliga,31.0,1991.0,7.0,12.0,0.0,0.0,2.0,0.0,7.9,0.25,-4.1,-0.58,24.0,60.0,40.0,278.0,35.0,16.2,27.3,44.0,34.1,35.0,91.0,8.0,8.8,18.0,2.57,19.8
118.0,Vanja Milinković-Savić,rs SRB,GK,Torino,it Serie A,25.0,1997.0,38.0,41.0,5.0,0.0,6.0,0.0,35.8,0.23,-5.2,-0.14,285.0,939.0,30.4,1506.0,185.0,45.0,39.7,286.0,91.3,70.0,469.0,36.0,7.7,70.0,1.84,16.2
119.0,Antonio Mirante,it ITA,GK,Milan,it Serie A,39.0,1983.0,0.0,0.0,0.0,0.0,0.0,0.0,0.0,,0.0,0.0,0.0,0.0,,3.0,0.0,0.0,27.0,1.0,0.0,15.0,0.0,0.0,,0.0,0.0,
120.0,Lorenzo Montipò,it ITA,GK,Hellas Verona,it Serie A,26.0,1996.0,37.0,59.0,1.0,1.0,4.0,3.0,49.6,0.27,-6.4,-0.17,360.0,775.0,46.5,905.0,124.0,62.9,44.3,284.0,72.5,52.1,496.0,26.0,5.2,55.0,1.49,15.3
121.0,Florian Müller,de GER,GK,Stuttgart,de Bundesliga,24.0,1997.0,19.0,34.0,1.0,2.0,3.0,0.0,27.2,0.3,-6.8,-0.36,98.0,212.0,46.2,599.0,98.0,26.9,29.2,133.0,38.3,36.6,260.0,6.0,2.3,28.0,1.47,18.9
122.0,Juan Musso,ar ARG,GK,Atalanta,it Serie A,28.0,1994.0,23.1,27.0,2.0,0.0,3.0,2.0,21.7,0.23,-3.3,-0.14,109.0,276.0,39.5,547.0,152.0,32.5,32.1,157.0,62.4,48.6,253.0,14.0,5.5,24.0,1.04,15.6
123.0,Yvon Mvogo,ch SUI,GK,Lorient,fr Ligue 1,28.0,1994.0,20.1,29.0,1.0,0.0,4.0,1.0,27.1,0.27,-0.9,-0.04,86.0,228.0,37.7,473.0,85.0,34.0,32.1,145.0,46.2,36.6,381.0,21.0,5.5,7.0,0.35,8.5
124.0,Keylor Navas,cr CRC,GK,Nott'ham Forest,eng Premier League,35.0,1986.0,17.0,32.0,4.0,1.0,3.0,0.0,29.3,0.32,-2.7,-0.16,106.0,320.0,33.1,378.0,65.0,56.3,41.3,151.0,70.9,48.1,295.0,14.0,4.7,9.0,0.53,9.0
125.0,Neto,br BRA,GK,Bournemouth,eng Premier League,33.0,1989.0,26.5,39.0,4.0,0.0,8.0,1.0,39.7,0.26,1.7,0.06,160.0,437.0,36.6,601.0,136.0,47.4,37.8,231.0,65.8,44.6,510.0,35.0,6.9,25.0,0.94,12.1
,,,,,,,,,,,,,,,,,,,,,,,,,,,,,,,,,
126.0,Manuel Neuer,de GER,GK,Bayern Munich,de Bundesliga,36.0,1986.0,12.0,11.0,2.0,0.0,0.0,0.0,14.7,0.29,3.7,0.31,39.0,79.0,49.4,435.0,81.0,16.6,26.8,69.0,10.1,23.8,103.0,4.0,3.9,23.0,1.92,19.5
127.0,Alexander Nübel,de GER,GK,Monaco,fr Ligue 1,25.0,1996.0,38.0,58.0,5.0,1.0,4.0,3.0,49.5,0.24,-5.5,-0.14,189.0,445.0,42.5,875.0,203.0,32.2,32.8,266.0,61.3,45.6,454.0,36.0,7.9,33.0,0.87,12.7
128.0,Ørjan Nyland,no NOR,GK,RB Leipzig,de Bundesliga,31.0,1990.0,2.0,2.0,0.0,0.0,1.0,1.0,1.8,0.36,0.8,0.39,11.0,33.0,33.3,83.0,9.0,32.5,33.6,15.0,40.0,36.7,28.0,0.0,0.0,0.0,0.0,12.5
129.0,Jan Oblak,si SVN,GK,Atlético Madrid,es La Liga,29.0,1993.0,27.7,20.0,1.0,1.0,1.0,0.0,21.9,0.27,1.9,0.07,120.0,374.0,32.1,586.0,115.0,40.4,36.1,228.0,60.1,46.0,358.0,25.0,7.0,19.0,0.69,14.2
130.0,Guillermo Ochoa,mx MEX,GK,Salernitana,it Serie A,37.0,1985.0,20.0,33.0,3.0,1.0,6.0,0.0,34.8,0.3,1.8,0.09,135.0,430.0,31.4,556.0,45.0,53.6,40.9,200.0,66.0,47.3,311.0,11.0,3.5,10.0,0.5,12.3
131.0,Jan Olschowsky,de GER,GK,Gladbach,de Bundesliga,20.0,2001.0,4.0,11.0,1.0,0.0,1.0,0.0,11.4,0.39,0.4,0.09,11.0,37.0,29.7,123.0,25.0,28.5,30.5,36.0,5.6,20.9,59.0,6.0,10.2,4.0,1.0,12.9
132.0,Robin Olsen,se SWE,GK,Aston Villa,eng Premier League,32.0,1990.0,3.1,8.0,1.0,0.0,3.0,0.0,6.2,0.29,-1.8,-0.57,15.0,62.0,24.2,101.0,18.0,44.6,37.6,28.0,60.7,46.8,45.0,5.0,11.1,3.0,0.96,14.2
133.0,Jonas Omlin,ch SUI,GK,Montpellier,fr Ligue 1,28.0,1994.0,13.0,26.0,3.0,0.0,2.0,2.0,24.1,0.28,0.1,0.0,53.0,161.0,32.9,330.0,77.0,32.1,31.7,85.0,64.7,47.3,209.0,14.0,6.7,12.0,0.93,12.0
134.0,Jonas Omlin,ch SUI,GK,Gladbach,de Bundesliga,28.0,1994.0,14.3,18.0,2.0,0.0,0.0,0.0,18.1,0.29,0.1,0.0,57.0,177.0,32.2,638.0,74.0,22.3,28.7,100.0,35.0,35.3,220.0,15.0,6.8,20.0,1.4,14.8
135.0,André Onana,cm CMR,GK,Inter,it Serie A,26.0,1996.0,24.0,24.0,2.0,0.0,5.0,2.0,19.3,0.21,-2.7,-0.11,105.0,270.0,38.9,875.0,115.0,25.5,29.6,152.0,30.9,35.4,283.0,15.0,5.3,10.0,0.42,12.5
136.0,Stefan Ortega,de GER,GK,Manchester City,eng Premier League,29.0,1992.0,3.0,1.0,0.0,0.0,0.0,0.0,4.1,0.27,3.1,1.02,11.0,24.0,45.8,155.0,16.0,14.8,23.9,12.0,8.3,20.3,26.0,1.0,3.8,7.0,2.33,21.1
137.0,Fernando Pacheco,es ESP,GK,Almería,es La Liga,30.0,1992.0,1.0,2.0,0.0,0.0,1.0,0.0,1.6,0.32,-0.4,-0.42,3.0,12.0,25.0,26.0,8.0,42.3,40.2,4.0,25.0,36.0,16.0,1.0,6.3,2.0,2.0,14.5
138.0,Fernando Pacheco,es ESP,GK,Espanyol,es La Liga,30.0,1992.0,16.0,33.0,4.0,0.0,3.0,0.0,26.6,0.25,-6.4,-0.4,127.0,272.0,46.7,417.0,56.0,42.4,36.2,137.0,69.3,49.6,242.0,16.0,6.6,19.0,1.19,13.8
139.0,Rui Patrício,pt POR,GK,Roma,it Serie A,34.0,1988.0,35.0,35.0,2.0,1.0,4.0,1.0,27.6,0.23,-6.4,-0.18,135.0,328.0,41.2,644.0,121.0,37.6,33.6,240.0,35.8,34.8,402.0,16.0,4.0,25.0,0.71,13.8
140.0,Jiří Pavlenka,cz CZE,GK,Werder Bremen,de Bundesliga,30.0,1992.0,32.3,61.0,2.0,0.0,5.0,2.0,51.9,0.29,-7.1,-0.22,198.0,497.0,39.8,893.0,152.0,40.1,36.3,279.0,49.8,42.9,481.0,22.0,4.6,38.0,1.18,14.9
141.0,Gianluca Pegolo,it ITA,GK,Sassuolo,it Serie A,41.0,1981.0,2.0,3.0,1.0,0.0,0.0,0.0,3.2,0.38,0.2,0.12,9.0,18.0,50.0,61.0,10.0,21.3,29.7,16.0,31.3,28.3,28.0,2.0,7.1,0.0,0.0,9.0
142.0,Iñaki Peña,es ESP,GK,Barcelona,es La Liga,23.0,1999.0,0.8,2.0,0.0,0.0,0.0,0.0,1.4,0.36,-0.6,-0.7,1.0,3.0,33.3,23.0,5.0,13.0,25.2,4.0,0.0,22.8,7.0,0.0,0.0,2.0,2.47,16.5
143.0,Patrick Pentz,at AUT,GK,Reims,fr Ligue 1,25.0,1997.0,7.0,14.0,2.0,0.0,2.0,1.0,11.9,0.34,-1.1,-0.16,29.0,94.0,30.9,152.0,25.0,44.7,36.3,59.0,44.1,38.7,103.0,8.0,7.8,4.0,0.57,12.2
144.0,Simone Perilli,it ITA,GK,Hellas Verona,it Serie A,27.0,1995.0,1.0,0.0,0.0,0.0,0.0,0.0,0.8,0.19,0.8,0.75,6.0,30.0,20.0,21.0,0.0,81.0,57.3,13.0,100.0,69.8,19.0,1.0,5.3,1.0,1.0,12.0
145.0,Mattia Perin,it ITA,GK,Juventus,it Serie A,29.0,1992.0,10.5,7.0,1.0,0.0,1.0,0.0,11.2,0.23,4.2,0.39,32.0,107.0,29.9,287.0,54.0,28.6,30.8,63.0,39.7,35.9,154.0,4.0,2.6,11.0,1.04,15.7
146.0,Samuele Perisan,it ITA,GK,Empoli,it Serie A,24.0,1997.0,7.0,9.0,0.0,0.0,2.0,0.0,7.5,0.31,-1.5,-0.22,25.0,75.0,33.3,153.0,39.0,32.0,32.7,75.0,34.7,34.3,134.0,5.0,3.7,4.0,0.57,11.6
147.0,Jordan Pickford,eng ENG,GK,Everton,eng Premier League,28.0,1994.0,37.0,57.0,5.0,2.0,4.0,0.0,60.0,0.31,3.0,0.08,270.0,801.0,33.7,992.0,151.0,58.1,43.0,315.0,71.4,52.7,566.0,22.0,3.9,52.0,1.41,16.2
148.0,Nick Pope,eng ENG,GK,Newcastle Utd,eng Premier League,30.0,1992.0,36.2,32.0,2.0,0.0,8.0,1.0,31.3,0.24,0.3,0.01,120.0,368.0,32.6,683.0,232.0,33.1,33.0,207.0,68.6,50.7,411.0,34.0,8.3,74.0,2.04,18.2
149.0,Ivan Provedel,it ITA,GK,Lazio,it Serie A,28.0,1994.0,37.9,30.0,1.0,0.0,5.0,1.0,31.4,0.25,2.4,0.06,158.0,373.0,42.4,1121.0,166.0,27.4,32.2,198.0,33.3,33.2,493.0,21.0,4.3,55.0,1.45,16.5
150.0,Ghjuvanni Quilichini,fr FRA,GK,Ajaccio,fr Ligue 1,19.0,2002.0,0.9,0.0,0.0,0.0,0.0,0.0,0.8,0.24,0.8,0.93,6.0,24.0,25.0,26.0,2.0,61.5,43.8,8.0,100.0,61.0,25.0,2.0,8.0,0.0,0.0,7.5
,,,,,,,,,,,,,,,,,,,,,,,,,,,,,,,,,
151.0,Ionuț Radu,ro ROU,GK,Cremonese,it Serie A,25.0,1997.0,9.0,19.0,3.0,0.0,3.0,0.0,21.0,0.29,2.0,0.22,38.0,143.0,26.6,265.0,34.0,41.1,37.3,67.0,50.7,46.3,107.0,6.0,5.6,9.0,1.0,14.5
152.0,Ionuț Radu,ro ROU,GK,Auxerre,fr Ligue 1,25.0,1997.0,17.0,20.0,0.0,0.0,0.0,1.0,21.9,0.27,2.9,0.17,117.0,349.0,33.5,469.0,65.0,52.9,41.3,128.0,78.9,53.1,273.0,14.0,5.1,13.0,0.76,12.7
153.0,Predrag Rajković,rs SRB,GK,Mallorca,es La Liga,26.0,1995.0,36.0,40.0,6.0,0.0,3.0,0.0,39.2,0.25,-0.8,-0.02,323.0,786.0,41.1,899.0,125.0,61.8,45.4,309.0,74.4,54.0,608.0,32.0,5.3,19.0,0.53,11.7
154.0,Diant Ramaj,de GER,GK,Eint Frankfurt,de Bundesliga,20.0,2001.0,1.0,1.0,0.0,0.0,1.0,0.0,1.0,0.2,0.0,0.01,1.0,3.0,33.3,21.0,7.0,9.5,29.1,4.0,25.0,22.0,15.0,1.0,6.7,1.0,1.0,11.5
155.0,Aaron Ramsdale,eng ENG,GK,Arsenal,eng Premier League,24.0,1998.0,38.0,43.0,3.0,0.0,6.0,1.0,40.0,0.28,-2.0,-0.05,109.0,429.0,25.4,956.0,174.0,35.4,33.3,153.0,59.5,49.2,381.0,22.0,5.8,43.0,1.13,16.1
156.0,Nicola Ravaglia,it ITA,GK,Sampdoria,it Serie A,33.0,1988.0,9.0,23.0,2.0,0.0,3.0,0.0,17.9,0.26,-5.1,-0.57,49.0,145.0,33.8,226.0,45.0,42.5,35.6,99.0,49.5,37.6,155.0,10.0,6.5,1.0,0.11,10.5
157.0,David Raya,es ESP,GK,Brentford,eng Premier League,26.0,1995.0,38.0,46.0,2.0,1.0,9.0,3.0,48.1,0.24,5.1,0.13,347.0,882.0,39.3,1367.0,160.0,50.7,39.5,269.0,70.3,51.8,598.0,53.0,8.9,54.0,1.42,15.7
158.0,Pepe Reina,es ESP,GK,Villarreal,es La Liga,39.0,1982.0,22.0,27.0,4.0,0.0,3.0,1.0,28.9,0.29,2.9,0.13,64.0,207.0,30.9,736.0,112.0,22.1,28.8,118.0,37.3,35.7,315.0,15.0,4.8,20.0,0.91,14.6
159.0,Álex Remiro,es ESP,GK,Real Sociedad,es La Liga,27.0,1995.0,38.0,35.0,1.0,1.0,3.0,2.0,32.8,0.24,-0.2,0.0,244.0,572.0,42.7,1090.0,138.0,39.8,35.9,216.0,63.9,51.3,453.0,18.0,4.0,47.0,1.24,15.9
160.0,Manuel Riemann,de GER,GK,Bochum,de Bundesliga,33.0,1988.0,34.0,72.0,8.0,2.0,9.0,3.0,69.0,0.3,0.0,0.0,554.0,1175.0,47.1,1489.0,83.0,66.8,44.7,261.0,69.0,50.6,536.0,31.0,5.8,121.0,3.56,22.2
161.0,Rémy Riou,fr FRA,GK,Lyon,fr Ligue 1,34.0,1987.0,6.7,8.0,4.0,0.0,0.0,1.0,8.8,0.2,1.8,0.27,12.0,49.0,24.5,178.0,30.0,22.5,28.7,47.0,19.1,26.0,78.0,6.0,7.7,10.0,1.5,17.2
162.0,Joel Robles,es ESP,GK,Leeds United,eng Premier League,32.0,1990.0,4.0,11.0,2.0,0.0,0.0,0.0,10.5,0.32,-0.5,-0.12,18.0,71.0,25.4,90.0,20.0,52.2,41.1,32.0,75.0,49.4,43.0,2.0,4.7,3.0,0.75,11.6
163.0,Marek Rodák,sk SVK,GK,Fulham,eng Premier League,25.0,1996.0,2.0,2.0,0.0,0.0,0.0,0.0,2.0,0.51,0.0,0.01,16.0,47.0,34.0,46.0,3.0,73.9,46.0,15.0,86.7,60.0,26.0,1.0,3.8,2.0,1.0,14.0
164.0,Leo Román,es ESP,GK,Mallorca,es La Liga,22.0,2000.0,1.0,0.0,0.0,0.0,0.0,0.0,0.1,0.03,0.1,0.11,9.0,21.0,42.9,30.0,3.0,40.0,35.2,12.0,75.0,48.8,30.0,1.0,3.3,2.0,2.0,17.4
165.0,Francesco Rossi,it ITA,GK,Atalanta,it Serie A,31.0,1991.0,0.0,0.0,0.0,0.0,0.0,0.0,0.0,,0.0,0.0,0.0,1.0,0.0,3.0,0.0,0.0,17.3,1.0,100.0,65.0,1.0,0.0,0.0,0.0,0.0,
166.0,Gerónimo Rulli,ar ARG,GK,Villarreal,es La Liga,30.0,1992.0,14.0,10.0,0.0,0.0,1.0,0.0,12.5,0.23,2.5,0.18,50.0,119.0,42.0,451.0,70.0,19.3,28.8,92.0,34.8,37.9,215.0,20.0,9.3,21.0,1.5,15.5
167.0,Alessandro Russo,it ITA,GK,Sassuolo,it Serie A,21.0,2001.0,1.0,3.0,0.0,0.0,0.0,0.0,2.8,0.4,-0.2,-0.22,0.0,12.0,0.0,42.0,2.0,28.6,30.7,8.0,0.0,18.3,14.0,0.0,0.0,0.0,0.0,10.0
168.0,Frederik Rønnow,dk DEN,GK,Union Berlin,de Bundesliga,29.0,1992.0,29.0,27.0,5.0,0.0,5.0,0.0,35.2,0.26,8.2,0.28,240.0,605.0,39.7,1115.0,109.0,44.6,36.5,163.0,66.3,49.4,434.0,43.0,9.9,29.0,1.0,13.5
169.0,José Sá,pt POR,GK,Wolves,eng Premier League,29.0,1993.0,36.0,55.0,2.0,0.0,6.0,1.0,48.4,0.28,-5.6,-0.16,120.0,435.0,27.6,935.0,182.0,29.3,30.9,260.0,61.9,46.2,540.0,43.0,8.0,28.0,0.78,12.6
170.0,Brice Samba,fr FRA,GK,Lens,fr Ligue 1,28.0,1994.0,37.0,28.0,3.0,0.0,6.0,1.0,32.4,0.24,5.4,0.15,174.0,435.0,40.0,1075.0,140.0,35.5,33.3,160.0,33.1,32.7,384.0,34.0,8.9,41.0,1.11,15.4
171.0,Robert Sánchez,es ESP,GK,Brighton,eng Premier League,24.0,1997.0,23.0,30.0,5.0,0.0,4.0,3.0,24.2,0.25,-2.8,-0.12,60.0,205.0,29.3,645.0,103.0,24.2,28.9,131.0,37.4,35.1,229.0,17.0,7.4,13.0,0.57,12.3
172.0,Mouhamadou Sarr,sn SEN,GK,Cremonese,it Serie A,25.0,1997.0,2.0,3.0,0.0,0.0,1.0,0.0,2.9,0.36,-0.1,-0.05,19.0,38.0,50.0,71.0,12.0,40.8,35.7,12.0,75.0,53.6,18.0,0.0,0.0,1.0,0.5,8.6
173.0,Kasper Schmeichel,dk DEN,GK,Nice,fr Ligue 1,35.0,1986.0,36.0,35.0,3.0,2.0,5.0,0.0,35.9,0.23,0.9,0.02,170.0,388.0,43.8,909.0,119.0,30.7,32.7,278.0,39.2,35.7,455.0,24.0,5.3,23.0,0.64,12.9
174.0,Marvin Schwäbe,de GER,GK,Köln,de Bundesliga,27.0,1995.0,34.0,54.0,4.0,4.0,4.0,3.0,42.3,0.3,-8.7,-0.26,154.0,404.0,38.1,1203.0,117.0,28.8,31.3,185.0,31.4,33.9,468.0,19.0,4.1,22.0,0.65,13.4
175.0,Alexander Schwolow,de GER,GK,Schalke 04,de Bundesliga,30.0,1992.0,22.6,58.0,4.0,1.0,6.0,0.0,45.8,0.31,-12.2,-0.54,180.0,441.0,40.8,676.0,79.0,46.4,38.4,174.0,73.0,55.2,321.0,7.0,2.2,23.0,1.02,15.0
,,,,,,,,,,,,,,,,,,,,,,,,,,,,,,,,,
176.0,Matz Sels,be BEL,GK,Strasbourg,fr Ligue 1,30.0,1992.0,38.0,59.0,10.0,1.0,6.0,0.0,56.5,0.27,-2.5,-0.06,159.0,455.0,34.9,775.0,130.0,44.8,36.9,196.0,55.1,43.9,504.0,31.0,6.2,32.0,0.84,12.8
177.0,Luigi Sepe,it ITA,GK,Salernitana,it Serie A,31.0,1991.0,17.0,27.0,4.0,0.0,0.0,0.0,30.3,0.27,3.3,0.2,76.0,274.0,27.7,490.0,84.0,40.6,35.9,154.0,48.7,41.1,222.0,16.0,7.2,13.0,0.76,14.2
178.0,Rui Silva,pt POR,GK,Betis,es La Liga,28.0,1994.0,26.0,32.0,2.0,1.0,6.0,1.0,32.9,0.3,1.9,0.07,154.0,410.0,37.6,668.0,107.0,40.7,35.6,214.0,64.5,47.5,369.0,18.0,4.9,37.0,1.42,16.6
179.0,Marco Silvestri,it ITA,GK,Udinese,it Serie A,31.0,1991.0,38.0,48.0,6.0,2.0,3.0,2.0,48.7,0.31,2.7,0.07,144.0,380.0,37.9,872.0,142.0,31.9,32.0,302.0,33.8,34.1,547.0,13.0,2.4,21.0,0.55,12.2
180.0,Unai Simón,es ESP,GK,Athletic Club,es La Liga,25.0,1997.0,30.5,37.0,3.0,1.0,1.0,3.0,31.7,0.28,-2.3,-0.08,134.0,351.0,38.2,762.0,154.0,30.6,33.2,186.0,63.4,49.4,355.0,18.0,5.1,40.0,1.31,17.5
181.0,Tobias Sippel,de GER,GK,Gladbach,de Bundesliga,34.0,1988.0,5.7,12.0,1.0,0.0,3.0,0.0,11.6,0.33,-0.4,-0.08,25.0,106.0,23.6,212.0,23.0,33.5,32.7,48.0,72.9,53.1,88.0,2.0,2.3,4.0,0.71,13.1
182.0,Salvatore Sirigu,it ITA,GK,Fiorentina,it Serie A,35.0,1987.0,1.0,0.0,0.0,0.0,0.0,0.0,1.0,0.19,1.0,0.96,6.0,16.0,37.5,30.0,9.0,40.0,37.7,8.0,50.0,41.8,12.0,0.0,0.0,2.0,2.0,26.3
183.0,Łukasz Skorupski,pl POL,GK,Bologna,it Serie A,31.0,1991.0,37.0,49.0,7.0,1.0,6.0,3.0,47.8,0.25,1.8,0.05,146.0,371.0,39.4,933.0,206.0,29.8,31.7,278.0,33.5,33.0,492.0,29.0,5.9,24.0,0.65,12.9
184.0,François-Joseph Sollacaro,fr FRA,GK,Ajaccio,fr Ligue 1,28.0,1994.0,6.0,14.0,1.0,0.0,1.0,1.0,9.1,0.34,-3.9,-0.65,19.0,87.0,21.8,102.0,11.0,56.9,40.7,40.0,72.5,48.2,93.0,6.0,6.5,6.0,1.0,11.5
185.0,Yann Sommer,ch SUI,GK,Bayern Munich,de Bundesliga,33.0,1988.0,19.0,25.0,7.0,1.0,1.0,0.0,23.7,0.32,-1.3,-0.07,48.0,118.0,40.7,651.0,83.0,14.6,25.1,98.0,23.5,28.7,212.0,12.0,5.7,27.0,1.42,16.7
186.0,Yann Sommer,ch SUI,GK,Gladbach,de Bundesliga,33.0,1988.0,10.0,14.0,2.0,1.0,0.0,1.0,16.7,0.25,3.7,0.37,48.0,141.0,34.0,517.0,52.0,23.0,28.2,90.0,24.4,28.6,162.0,5.0,3.1,13.0,1.3,14.6
187.0,David Soria,es ESP,GK,Getafe,es La Liga,29.0,1993.0,38.0,45.0,4.0,0.0,7.0,2.0,45.5,0.23,2.5,0.07,409.0,904.0,45.2,782.0,99.0,75.1,49.8,347.0,91.4,59.8,586.0,36.0,6.1,46.0,1.21,15.0
188.0,Marco Sportiello,it ITA,GK,Atalanta,it Serie A,30.0,1992.0,14.9,21.0,1.0,1.0,2.0,0.0,19.6,0.29,-1.4,-0.1,52.0,148.0,35.1,346.0,85.0,20.5,28.8,116.0,66.4,49.7,200.0,18.0,9.0,18.0,1.21,15.0
189.0,Jason Steele,eng ENG,GK,Brighton,eng Premier League,31.0,1990.0,15.0,23.0,1.0,0.0,2.0,3.0,18.5,0.29,-1.5,-0.1,34.0,74.0,45.9,483.0,48.0,14.9,24.2,55.0,3.6,13.9,126.0,10.0,7.9,19.0,1.27,15.7
190.0,Mile Svilar,rs SRB,GK,Roma,it Serie A,22.0,1999.0,3.0,3.0,0.0,0.0,0.0,0.0,2.9,0.29,-0.1,-0.03,16.0,44.0,36.4,61.0,13.0,50.8,41.4,16.0,81.3,60.1,42.0,6.0,14.3,4.0,1.33,12.1
191.0,Wojciech Szczęsny,pl POL,GK,Juventus,it Serie A,32.0,1990.0,27.5,26.0,3.0,0.0,5.0,0.0,26.0,0.25,0.0,0.0,128.0,270.0,47.4,634.0,128.0,32.2,33.5,153.0,43.1,38.3,389.0,11.0,2.8,21.0,0.76,14.7
192.0,Ciprian Tătărușanu,ro ROU,GK,Milan,it Serie A,36.0,1986.0,16.0,22.0,2.0,2.0,4.0,1.0,16.8,0.25,-4.2,-0.26,94.0,195.0,48.2,473.0,75.0,32.1,32.9,83.0,51.8,41.8,195.0,9.0,4.6,13.0,0.81,14.4
193.0,Marc-André ter Stegen,de GER,GK,Barcelona,es La Liga,30.0,1992.0,37.2,18.0,3.0,0.0,2.0,3.0,23.7,0.21,8.7,0.23,168.0,335.0,50.1,1215.0,185.0,22.1,28.9,197.0,34.0,35.2,368.0,18.0,4.9,41.0,1.1,16.4
194.0,Pietro Terracciano,it ITA,GK,Fiorentina,it Serie A,32.0,1990.0,29.0,38.0,6.0,0.0,3.0,2.0,33.1,0.28,-2.9,-0.1,155.0,375.0,41.3,871.0,113.0,32.7,33.2,198.0,45.5,40.5,271.0,12.0,4.4,55.0,1.9,18.4
195.0,Kevin Trapp,de GER,GK,Eint Frankfurt,de Bundesliga,32.0,1990.0,33.0,51.0,2.0,1.0,7.0,1.0,42.3,0.32,-7.7,-0.23,80.0,326.0,24.5,664.0,128.0,39.2,34.8,219.0,30.1,34.1,401.0,17.0,4.2,24.0,0.73,14.4
196.0,Mark Travers,ie IRL,GK,Bournemouth,eng Premier League,23.0,1999.0,11.5,32.0,2.0,0.0,8.0,2.0,24.0,0.34,-6.0,-0.52,71.0,154.0,46.1,250.0,54.0,35.6,31.9,118.0,55.1,43.8,229.0,5.0,2.2,5.0,0.43,10.5
197.0,Martin Turk,si SVN,GK,Sampdoria,it Serie A,18.0,2003.0,4.0,9.0,1.0,0.0,3.0,0.0,8.0,0.26,-1.0,-0.25,35.0,78.0,44.9,99.0,15.0,41.4,35.1,43.0,86.0,56.3,60.0,0.0,0.0,2.0,0.5,12.3
198.0,Samir Ujkani,xk KVX,GK,Empoli,it Serie A,34.0,1988.0,0.1,1.0,0.0,0.0,0.0,0.0,0.2,0.25,-0.8,-9.69,0.0,0.0,,2.0,1.0,0.0,18.5,1.0,0.0,27.0,1.0,0.0,0.0,0.0,0.0,
199.0,Sven Ulreich,de GER,GK,Bayern Munich,de Bundesliga,33.0,1988.0,3.0,2.0,0.0,0.0,1.0,0.0,2.4,0.18,0.4,0.13,9.0,26.0,34.6,112.0,21.0,20.5,26.0,18.0,16.7,23.4,34.0,2.0,5.9,4.0,1.33,17.5
200.0,Guglielmo Vicario,it ITA,GK,Empoli,it Serie A,25.0,1996.0,30.9,39.0,4.0,0.0,8.0,1.0,40.9,0.27,2.9,0.09,138.0,455.0,30.3,1106.0,151.0,33.5,33.8,170.0,50.0,42.9,606.0,34.0,5.6,22.0,0.71,11.5
,,,,,,,,,,,,,,,,,,,,,,,,,,,,,,,,,
201.0,Iván Villar,es ESP,GK,Celta Vigo,es La Liga,25.0,1997.0,19.0,24.0,3.0,0.0,6.0,0.0,22.2,0.31,-1.8,-0.09,81.0,239.0,33.9,435.0,96.0,34.7,33.8,157.0,56.1,44.8,256.0,8.0,3.1,14.0,0.74,14.2
202.0,Danny Ward,wls WAL,GK,Leicester City,eng Premier League,29.0,1993.0,26.0,46.0,2.0,2.0,6.0,4.0,36.5,0.29,-5.5,-0.21,94.0,303.0,31.0,750.0,154.0,29.7,30.4,190.0,42.1,35.1,355.0,20.0,5.6,42.0,1.62,15.9
203.0,Axel Werner,ar ARG,GK,Elche,es La Liga,26.0,1996.0,2.0,4.0,0.0,0.0,2.0,0.0,2.4,0.31,-1.6,-0.82,4.0,20.0,20.0,53.0,9.0,32.1,34.9,16.0,18.8,33.8,26.0,1.0,3.8,1.0,0.5,14.0
204.0,Joseph Whitworth,eng ENG,GK,Crystal Palace,eng Premier League,18.0,2004.0,2.0,5.0,0.0,0.0,0.0,0.0,2.3,0.23,-2.7,-1.33,8.0,27.0,29.6,68.0,8.0,29.4,30.1,15.0,46.7,36.7,25.0,1.0,4.0,3.0,1.5,15.4
205.0,Robin Zentner,de GER,GK,Mainz 05,de Bundesliga,27.0,1994.0,26.0,39.0,3.0,1.0,2.0,0.0,35.4,0.3,-3.6,-0.14,160.0,474.0,33.8,672.0,146.0,50.0,40.0,194.0,71.1,54.1,321.0,43.0,13.4,53.0,2.04,17.4
206.0,Michael Zetterer,de GER,GK,Werder Bremen,de Bundesliga,27.0,1995.0,1.7,3.0,0.0,0.0,1.0,0.0,3.2,0.24,0.2,0.11,16.0,33.0,48.5,49.0,13.0,51.0,41.6,12.0,66.7,50.3,15.0,3.0,20.0,4.0,2.37,16.5
207.0,Jeroen Zoet,nl NED,GK,Spezia,it Serie A,31.0,1991.0,3.7,4.0,1.0,0.0,1.0,0.0,2.8,0.14,-1.2,-0.31,25.0,78.0,32.1,110.0,13.0,54.5,39.0,23.0,78.3,58.4,62.0,4.0,6.5,6.0,1.61,14.7
208.0,Petar Zovko,ba BIH,GK,Spezia,it Serie A,20.0,2002.0,0.8,2.0,0.0,0.0,0.0,0.0,1.7,0.55,-0.3,-0.42,7.0,21.0,33.3,23.0,3.0,47.8,35.1,13.0,76.9,51.1,24.0,1.0,4.2,2.0,2.47,17.0
